{"0": {"mean_acc": 0.9902405767699028, "micro_f1": 0.46736031579716847, "macro_f1": 0.024840103196230277, "macro_prc": 0.04156334038017044, "micro_prc": 0.6426752446052808, "micro_rec": 0.36719378182792817, "macro_rec": 0.02167310457107789, "weight_prec": 0.4645396217257948, "weight_rec": 0.36719378182792817, "weight_f1": 0.3827820043527919}}