{"0": {"mean_acc": 0.9902718297835864, "micro_f1": 0.45985274796103026, "macro_f1": 0.022738907240623926, "macro_prc": 0.032130409539806275, "micro_prc": 0.6521586274785544, "micro_rec": 0.35513267220584294, "macro_rec": 0.019527216843354584, "weight_prec": 0.4344936391215903, "weight_rec": 0.35513267220584294, "weight_f1": 0.37683816205428466}}