{"0": {"mean_acc": 0.989850807042108, "micro_f1": 0.3940395585648025, "macro_f1": 0.021891233547063498, "macro_prc": 0.06008423026679826, "micro_prc": 0.6485039922786698, "micro_rec": 0.2829957498947046, "macro_rec": 0.016897245071929117, "weight_prec": 0.5276578347341843, "weight_rec": 0.2829957498947046, "weight_f1": 0.33830896866219595}}