{"0": {"mean_acc": 0.989872237680062, "micro_f1": 0.38408905783328806, "macro_f1": 0.020556419199493955, "macro_prc": 0.06159737085400233, "micro_prc": 0.6602258937739195, "micro_rec": 0.27081977256193285, "macro_rec": 0.01571399630845718, "weight_prec": 0.5381839653717548, "weight_rec": 0.27081977256193285, "weight_f1": 0.3303011167014333}}