{"0": {"mean_acc": 0.9898405381947547, "micro_f1": 0.2688686823249687, "macro_f1": 0.016237703579143448, "macro_prc": 0.07996152880883148, "micro_prc": 0.8357970435477428, "micro_rec": 0.1602021671708083, "macro_rec": 0.00994866796883861, "weight_prec": 0.6784194077572762, "weight_rec": 0.1602021671708083, "weight_f1": 0.24643274553471714}}