{"0": {"mean_acc": 0.9898128569540636, "micro_f1": 0.26356388987509277, "macro_f1": 0.015827347002058654, "macro_prc": 0.07974104694554605, "micro_prc": 0.8390875462392109, "micro_rec": 0.15633495424436192, "macro_rec": 0.00965346713123542, "weight_prec": 0.6802625697754962, "weight_rec": 0.15633495424436192, "weight_f1": 0.2420149032221321}}