{"0": {"mean_acc": 0.9554381136752472, "micro_f1": 0.16235995132390582, "macro_f1": 0.0191162134551167, "macro_prc": 0.02386796680617367, "micro_prc": 0.1039682710290419, "micro_rec": 0.37037178849025537, "macro_rec": 0.04130398756368299, "weight_prec": 0.43427101946585434, "weight_rec": 0.37037178849025537, "weight_f1": 0.3780150611518983}}