{"0": {"mean_acc": 0.978063063223954, "micro_f1": 0.27443220414070113, "macro_f1": 0.01853023696513059, "macro_prc": 0.02429588139689213, "micro_prc": 0.22336001538424557, "micro_rec": 0.3557835892330666, "macro_rec": 0.0288738814460129, "weight_prec": 0.44182609978439025, "weight_rec": 0.3557835892330666, "weight_f1": 0.3705299601546457}}