{"0": {"mean_acc": 0.9898722376800623, "micro_f1": 0.38691891891891894, "macro_f1": 0.020980700407384905, "macro_prc": 0.061868022627203124, "micro_prc": 0.6577230543048792, "micro_rec": 0.27407435769805105, "macro_rec": 0.01605537252197717, "weight_prec": 0.5369332892732782, "weight_rec": 0.27407435769805105, "weight_f1": 0.3326340957947072}}