{"0": {"mean_acc": 0.9899677826076086, "micro_f1": 0.3052377713190279, "macro_f1": 0.019373078378763578, "macro_prc": 0.10483541388738737, "micro_prc": 0.7929317269076305, "micro_rec": 0.1889956733162308, "macro_rec": 0.012205803442061914, "weight_prec": 0.6788341196656805, "weight_rec": 0.1889956733162308, "weight_f1": 0.27364299590614094}}