{"0": {"mean_acc": 0.9899374225371733, "micro_f1": 0.2988863311142911, "macro_f1": 0.018845478668893027, "macro_prc": 0.11430707535827524, "micro_prc": 0.7968153922706916, "micro_rec": 0.18394149404602367, "macro_rec": 0.011813880678455912, "weight_prec": 0.6918752675559586, "weight_rec": 0.18394149404602367, "weight_f1": 0.2684219682214605}}