{"0": {"mean_acc": 0.9883738789097521, "micro_f1": 0.009509319132750096, "macro_f1": 0.00033199825767314374, "macro_prc": 0.008401666890711118, "micro_prc": 0.7225433526011561, "micro_rec": 0.004786154611938584, "macro_rec": 0.0001693450276235609, "weight_prec": 0.2374541331460628, "weight_rec": 0.004786154611938584, "weight_f1": 0.009383180683935328}}