{"0": {"mean_acc": 0.9883600382894067, "micro_f1": 0.006175427896161323, "macro_f1": 0.0002165445373298722, "macro_prc": 0.008119486768243785, "micro_prc": 0.6982758620689655, "micro_rec": 0.0031014281885362025, "macro_rec": 0.00010973557790006747, "weight_prec": 0.2294789495017778, "weight_rec": 0.0031014281885362025, "weight_f1": 0.006120142117992006}}