{"0": {"mean_acc": 0.9906531165505247, "micro_f1": 0.4346628500445573, "macro_f1": 0.03966763409970715, "macro_prc": 0.10165327166083794, "micro_prc": 0.7374015026571377, "micro_rec": 0.3081517785350538, "macro_rec": 0.02904028375440034, "weight_prec": 0.6448137516538808, "weight_rec": 0.3081517785350538, "weight_f1": 0.374031544696857}}