{"0": {"mean_acc": 0.9906455265329157, "micro_f1": 0.4314246947082768, "macro_f1": 0.038999020350682305, "macro_prc": 0.10201059938826658, "micro_prc": 0.7406130625174695, "micro_rec": 0.30436114408239845, "macro_rec": 0.028406512564919845, "weight_prec": 0.649076364983298, "weight_rec": 0.30436114408239845, "weight_f1": 0.3710953664598107}}