{"0": {"mean_acc": 0.9905995399556388, "micro_f1": 0.40718529155052513, "macro_f1": 0.03707018148246598, "macro_prc": 0.08079841283735549, "micro_prc": 0.7692553191489362, "micro_rec": 0.2768694719914232, "macro_rec": 0.02749854656818265, "weight_prec": 0.634375702417087, "weight_rec": 0.2768694719914232, "weight_f1": 0.3621830284317314}}