{"0": {"mean_acc": 0.9905705193000757, "micro_f1": 0.4024445450430058, "macro_f1": 0.036195272304251666, "macro_prc": 0.08116048332501138, "micro_prc": 0.7707814024059825, "micro_rec": 0.27231305280085766, "macro_rec": 0.026598059776593186, "weight_prec": 0.6354043454157732, "weight_rec": 0.27231305280085766, "weight_f1": 0.3578271335523907}}