{"0": {"mean_acc": 0.9905955217110223, "micro_f1": 0.4169296351658085, "macro_f1": 0.04400978134597837, "macro_prc": 0.10204588531809682, "micro_prc": 0.7524228194624838, "micro_rec": 0.2883562430600758, "macro_rec": 0.03208790608761614, "weight_prec": 0.6467030115625295, "weight_rec": 0.2883562430600758, "weight_f1": 0.37548973832776256}}