{"0": {"mean_acc": 0.9906093623313678, "micro_f1": 0.42091352110349384, "macro_f1": 0.04481795324619868, "macro_prc": 0.11328666526256882, "micro_prc": 0.7491179929439435, "micro_rec": 0.2926829268292683, "macro_rec": 0.032886894609578575, "weight_prec": 0.6599337974841436, "weight_rec": 0.2926829268292683, "weight_f1": 0.37899395779094563}}